{
  "build_config": {
    "BUILD_STATE": "Initial",
    "INITIAL_DEPLOYMENT_TAG": "blue",
    "NEW_DEPLOYMENT_TAG": "green",
    "BUILD_DESCRIPTION": "mmadala: initial Connect VM clias2auisbst31"
  },
  "common": {
    "ENVIRONMENT_NAME": "uat",
    "AWS_REGION": "ap-southeast-2",
    "AWS_ZONE": "ap-southeast-2a",
    "RDBMS_MAJOR_VERSION": "SQL2022",
    "RDBMS_MINOR_VERSION": "CU15",
    "RDBMS_LISTENER_PORT": 1433,
    "RDBMS_EDITION": "Dev",
    "WINDOWS_TIMEZONE": "AUS Eastern Standard Time",
    "LOGICAL_DB_ID": "31",
    "AWS_ACCOUNT_ID": "471112725752",
    "OS_IMAGE_FAMILY": "cl-mssqldb-payg-2022-sql22",
    "SNAPSHOT_RETAIN_DAYS": 3
  },
  "credentials": {
    "GIT_USER": "git-sqlserver-user-sa",
    "GIT_USER_EMAIL": "git-sqlserver-user-email-sa",
    "GIT_USER_CREDS": "git-sqlserver-user-creds-sa",
    "WINDOWS_ANSIBLE_ADMIN_CREDS": "WINDOWS_ANSIBLE_ADMIN_CREDS",
    "WINDOWS_DOMAIN_ADMIN_CREDS": "isc-db152-domain-join-creds",
    "MSSQL_AGT_PASSWORD": "cli-sa-as2auisst31",
    "MSSQL_SVC_PASSWORD": "cli-sa-as2auisst31",
    "MSSQL_SA_PASSWORD": "MSSQL_SA_PASSWORD",
    "WINDOWS_ADMIN_USERS_CREDS": "WINDOWS_ADMIN_USERS_CREDS",
    "MSSQL_ELK_USER_CREDS": "MSSQL_ELK_USER_CREDS",
    "DD_BOOST_PASSWORD": "DD_BOOST_PASSWORD",
    "SSRS_SVC_PASSWORD": "SSRS_SVC_PASSWORD",
    "CTM_AGT_PASSWORD": "CTM_AGT_PASSWORD",
    "MSSQL_IMPERVA_PASSWORD": "MSSQL_IMPERVA_PASSWORD",
    "GITHUB_CREDS": "github-creds-sa",
    "SLACK_CRED": "slack-cred",
    "JENKINS_USER_ID": "jenkins-user-sa",
    "JENKINS_USER_CREDS_ID": "jenkins-creds-sa",
    "SECRET_ORG_NAME": "platform_services_glb",
    "SECRET_ECOSYSTEM": "dataservices_mssql",
    "AWS_PEM_KEY": "clgx-dbs-mssql-data-uat-ap-southeast-2-pem-key",
    "ANSIBLE_ENV_FILE": "processing-test-env",
    "VAULT_CRED_ID": "VAULT-CREDS-ID",
    "VAULT_CRED_NAME": "VAULT-CREDS-NAME",
    "SECRET_SUBPATH_AWS_PEM_KEY": "iac/IAC_VAR_ENVIRONMENT_NAME/aws/IAC_VAR_AWS_ACCOUNT_ID/pem_key"
  },
  "jenkins": {},
  "terraform": {
    "TF_BACKEND_BUCKET": "clgx-mssql-uat-ap-se2-terraform-state",
    "AWS_MACHINE_TYPE": "m5.large",
    "VPC_SECURITY_GROUP_IDS": "\"sg-00c2da26f5486525c\",\"sg-08e6915a2f9f32a6b\",\"sg-06e8775485a06c204\"",
    "BOOT_DISK_TYPE": "gp3",
    "BOOT_DISK_DEVICE_NAME": "//dev//sda1",
    "BOOT_DISK_SIZE_GB": 200,
    "ENABLE_DATA_DISK": "true",
    "DATA_DISK_TYPE": "gp3",
    "DATA_DISK_DEVICE_NAME": "//dev//xvdd",
    "DATA_DISK_SIZE_GB": 150,
    "DATA_DISK_PROVISIONED_IOPS": 3000,
    "DATA_DISK_PROVISIONED_THROUGHPUT": 125,
    "ENABLE_DATA_DISK_1": "false",
    "DATA_DISK_TYPE_1": "gp3",
    "DATA_DISK_DEVICE_NAME_1": "//dev//xvdf",
    "DATA_DISK_SIZE_GB_1": 50,
    "DATA_DISK_PROVISIONED_IOPS_1": 3000,
    "DATA_DISK_PROVISIONED_THROUGHPUT_1": 125,
    "ENABLE_DATA_DISK_2": "false",
    "DATA_DISK_TYPE_2": "gp3",
    "DATA_DISK_DEVICE_NAME_2": "//dev//xvdg",
    "DATA_DISK_SIZE_GB_2": 50,
    "DATA_DISK_PROVISIONED_IOPS_2": 3000,
    "DATA_DISK_PROVISIONED_THROUGHPUT_2": 125,
    "ENABLE_DATA_DISK_3": "false",
    "DATA_DISK_TYPE_3": "gp3",
    "DATA_DISK_DEVICE_NAME_3": "//dev//xvdh",
    "DATA_DISK_SIZE_GB_3": 50,
    "DATA_DISK_PROVISIONED_IOPS_3": 3000,
    "DATA_DISK_PROVISIONED_THROUGHPUT_3": 125,
    "ENABLE_DATA_DISK_4": "false",
    "DATA_DISK_TYPE_4": "gp3",
    "DATA_DISK_DEVICE_NAME_4": "//dev//xvdj",
    "DATA_DISK_SIZE_GB_4": 50,
    "DATA_DISK_PROVISIONED_IOPS_4": 3000,
    "DATA_DISK_PROVISIONED_THROUGHPUT_4": 125,
    "ENABLE_DATA_DISK_5": "false",
    "DATA_DISK_TYPE_5": "gp3",
    "DATA_DISK_DEVICE_NAME_5": "//dev//xvdk",
    "DATA_DISK_SIZE_GB_5": 50,
    "DATA_DISK_PROVISIONED_IOPS_5": 3000,
    "DATA_DISK_PROVISIONED_THROUGHPUT_5": 125,
    "ENABLE_DATA_DISK_6": "false",
    "DATA_DISK_TYPE_6": "gp3",
    "DATA_DISK_DEVICE_NAME_6": "//dev//xvdm",
    "DATA_DISK_SIZE_GB_6": 50,
    "DATA_DISK_PROVISIONED_IOPS_6": 3000,
    "DATA_DISK_PROVISIONED_THROUGHPUT_6": 125,
    "ENABLE_DATA_DISK_7": "false",
    "DATA_DISK_TYPE_7": "gp3",
    "DATA_DISK_DEVICE_NAME_7": "//dev//xvdn",
    "DATA_DISK_SIZE_GB_7": 50,
    "DATA_DISK_PROVISIONED_IOPS_7": 3000,
    "DATA_DISK_PROVISIONED_THROUGHPUT_7": 125,
    "ENABLE_DATA_DISK_8": "false",
    "DATA_DISK_TYPE_8": "gp3",
    "DATA_DISK_DEVICE_NAME_8": "//dev//xvdd",
    "DATA_DISK_SIZE_GB_8": 50,
    "DATA_DISK_PROVISIONED_IOPS_8": 3000,
    "DATA_DISK_PROVISIONED_THROUGHPUT_8": 125,
    "ENABLE_DATA_DISK_9": "false",
    "DATA_DISK_TYPE_9": "gp3",
    "DATA_DISK_DEVICE_NAME_9": "//dev//xvdd",
    "DATA_DISK_SIZE_GB_9": 50,
    "DATA_DISK_PROVISIONED_IOPS_9": 3000,
    "DATA_DISK_PROVISIONED_THROUGHPUT_9": 125,
    "ENABLE_LOG_DISK": "true",
    "LOG_DISK_TYPE": "gp3",
    "LOG_DISK_SIZE_GB": 50,
    "LOG_DISK_DEVICE_NAME": "//dev//xvdl",
    "LOG_DISK_PROVISIONED_IOPS": 3000,
    "LOG_DISK_PROVISIONED_THROUGHPUT": 125,
    "ENABLE_LOG_DISK_1": "false",
    "LOG_DISK_TYPE_1": "gp3",
    "LOG_DISK_SIZE_GB_1": 50,
    "LOG_DISK_DEVICE_NAME_1": "//dev//xvdy",
    "LOG_DISK_PROVISIONED_IOPS_1": 3000,
    "LOG_DISK_PROVISIONED_THROUGHPUT_1": 125,
    "ENABLE_LOG_DISK_2": "false",
    "LOG_DISK_TYPE_2": "gp3",
    "LOG_DISK_SIZE_GB_2": 50,
    "LOG_DISK_DEVICE_NAME_2": "//dev//xvdx",
    "LOG_DISK_PROVISIONED_IOPS_2": 3000,
    "LOG_DISK_PROVISIONED_THROUGHPUT_2": 125,
    "ENABLE_LOG_DISK_3": "false",
    "LOG_DISK_TYPE_3": "gp3",
    "LOG_DISK_SIZE_GB_3": 50,
    "LOG_DISK_DEVICE_NAME_3": "//dev//xvdw",
    "LOG_DISK_PROVISIONED_IOPS_3": 3000,
    "LOG_DISK_PROVISIONED_THROUGHPUT_3": 125,
    "ENABLE_LOG_DISK_4": "false",
    "LOG_DISK_TYPE_4": "gp3",
    "LOG_DISK_SIZE_GB_4": 50,
    "LOG_DISK_DEVICE_NAME_4": "//dev//xvdv",
    "LOG_DISK_PROVISIONED_IOPS_4": 3000,
    "LOG_DISK_PROVISIONED_THROUGHPUT_4": 125,
    "ENABLE_LOG_DISK_5": "false",
    "LOG_DISK_TYPE_5": "gp3",
    "LOG_DISK_SIZE_GB_5": 50,
    "LOG_DISK_DEVICE_NAME_5": "//dev//xvdu",
    "LOG_DISK_PROVISIONED_IOPS_5": 3000,
    "LOG_DISK_PROVISIONED_THROUGHPUT_5": 125,
    "ENABLE_LOG_DISK_6": "false",
    "LOG_DISK_TYPE_6": "gp3",
    "LOG_DISK_SIZE_GB_6": 50,
    "LOG_DISK_DEVICE_NAME_6": "//dev//xvds",
    "LOG_DISK_PROVISIONED_IOPS_6": 3000,
    "LOG_DISK_PROVISIONED_THROUGHPUT_6": 125,
    "ENABLE_LOG_DISK_7": "false",
    "LOG_DISK_TYPE_7": "gp3",
    "LOG_DISK_SIZE_GB_7": 50,
    "LOG_DISK_DEVICE_NAME_7": "//dev//xvdq",
    "LOG_DISK_PROVISIONED_IOPS_7": 3000,
    "LOG_DISK_PROVISIONED_THROUGHPUT_7": 125,
    "ENABLE_LOG_DISK_8": "false",
    "LOG_DISK_TYPE_8": "gp3",
    "LOG_DISK_SIZE_GB_8": 100,
    "LOG_DISK_DEVICE_NAME_8": "//dev//xvdl",
    "LOG_DISK_PROVISIONED_IOPS_8": 3000,
    "LOG_DISK_PROVISIONED_THROUGHPUT_8": 125,
    "ENABLE_LOG_DISK_9": "false",
    "LOG_DISK_TYPE_9": "gp3",
    "LOG_DISK_SIZE_GB_9": 50,
    "LOG_DISK_DEVICE_NAME_9": "//dev//xvdl",
    "LOG_DISK_PROVISIONED_IOPS_9": 3000,
    "LOG_DISK_PROVISIONED_THROUGHPUT_9": 125,
    "ENABLE_TEMPDB_DISK": "true",
    "TEMPDB_DISK_TYPE": "gp3",
    "TEMPDB_DISK_SIZE_GB": 50,
    "TEMPDB_DISK_DEVICE_NAME": "//dev//xvdt",
    "ENABLE_BACKUP_DISK": "true",
    "BACKUP_DISK_TYPE": "gp3",
    "BACKUP_DISK_SIZE_GB": 100,
    "BACKUP_DISK_DEVICE_NAME": "//dev//xvdr",
    "ENABLE_BLOB_DISK": "false",
    "BLOB_DISK_TYPE": "gp3",
    "BLOB_DISK_SIZE_GB": 50,
    "ENABLE_ARCHIVE_DISK": "false",
    "ARCHIVE_DISK_TYPE": "gp3",
    "ARCHIVE_DISK_SIZE_GB": 10,
    "ENABLE_ETL_DISK": "false",
    "ETL_DISK_TYPE": "gp3",
    "ETL_DISK_SIZE_GB": 25,
    "ENABLE_INCREMENTAL_DISK": "true",
    "INCREMENTAL_DISK_TYPE": "gp3",
    "INCREMENTAL_DISK_SIZE_GB": 20,
    "INCREMENTAL_DISK_DEVICE_NAME": "//dev//xvdi",
    "OS_IMAGE_OR_SNAPSHOT_NAME": "ami-056b3d57c70d0aacf",
    "OS_IMAGE_OR_SNAPSHOT_TYPE": "image",
    "IAM_INSTANCE_PROFILE": "clgx-service_role-dbs_mssql-data-mssql-concordell-uat_profile",
    "KEY_NAME": "clgx-dbs-mssql-data-uat-ap-southeast-2-key-pair",
    "VM_SUBNET_ID": "subnet-04a0e0b0f74beb62a",
    "ENI_SUBNET_ID": "subnet-05ba4c4d84c420e75",
    "USER_DATA_PATH": "./env/dev/user_data.ps1"
  },
  "ansible": {
    "group_vars": {
      "CLOUD_PROVIDER": "aws",
      "MSSQL_INSTANCE": "MSSQLSERVER",
      "DNS_SERVERS": "172.28.226.34,172.28.226.35,172.28.226.36",
      "IS_DOMAIN_MEMBER": "true",
      "DOMAIN_NAME": "infosolco.com",
      "DOMAIN_OU_PATH": "OU=Servers,OU=AWS,DC=InfoSolCo,DC=Com",
      "DOMAIN_ADMIN_GROUP": "\"\"",
      "DBA_ADMIN_GROUP": "ISC\\ISCE-GG-SQLDBA-NonProd,ISC\\ISCE-GG-SQLDBA-GCP-NonProd",
      "DOMAIN_ADMIN_USER": "isc\\isc-sa-build-db152",
      "MSSQL_SQLSVC_DOMAIN_ACCOUNT": "iscp\\cli-sa-as2auisst31",
      "MSSQL_SQLAGT_DOMAIN_ACCOUNT": "iscp\\cli-sa-as2auisst31",
      "AWS_BUCKET_NAME": "clgx-dbs-mssql-data-uat",
      "BU_REMOTE_DESKTOP_USERS": "\"\"",
      "WINDOWS_ADDON_PACKAGES": "\"7z1900-x64.exe:/S,WinSCP.exe:/SILENT /ALLUSERS /NORESTART /NOCLOSEAPPLICATIONS\""
    }
  },
  "labels": {
    "TECHNOLOGY": "ssis",
    "APPLICATION": "cordellconnect",
    "BUSINESS_UNIT_CODE": "cli",
    "APP_CODE": "st",
    "ORGANIZATION": "insurance_uw_aus",
    "SPACE": "con_cordell_connect",
    "ENUMERATOR_CODE": "31",
    "PRIMARY_COMPANY_CODE": "1050",
    "PRIMARY_COST_CENTER": "253900",
    "CHARGEBACK_COMPANY_CODE": "2625",
    "CHARGEBACK_COST_CENTER": "852852",
    "APP_ID": "xxxxxx56xxxxx",
    "FINANCIAL_OWNER": "jeffhenry",
    "AD_GROUP": "cop-gg-insurance_uw_aus-con_cordell_connect-dataops",
    "APP_OWNER": "dminney",
    "DATA_OWNER": "lkitchens",
    "SA_OWNER": "stmyers",
    "MANAGED_BY": "dataops",
    "EMAIL_TECH_LEAD": "umsharma",
    "TIER": "data",
    "EMAIL_COST_CENTER_OWNER": "jeffhenry"
  }
}